{
    "dav2 nl 35 day1": {
        "_10_RMS_linear": 3.5937317427977726,
        "_10_RMS_log": 0.3483668688697763,
        "_10_SILog": 0.07993697429990256,
        "_10_abs_rel_diff": 0.2858877856245197,
        "_10_mean_depth_error": 1.7107138041048418,
        "_10_mean_prediction_depth": 4.612579148290313,
        "_10_mean_target_depth": 5.3836449363327326,
        "_10_median_diff": 1.1171386029685941,
        "_10_median_prediction_depth": 3.9954117751558047,
        "_10_median_target_depth": 5.099497416207982,
        "_10_squ_rel_diff": 3.2190969003561083,
        "_10_threshold_delta_1.25": 0.4625135287621797,
        "_10_threshold_delta_1.25^2": 0.8428174942795418,
        "_10_threshold_delta_1.25^3": 0.9694870246444469,
        "_20_RMS_linear": 5.899407287817963,
        "_20_RMS_log": 0.43383003493250694,
        "_20_SILog": 0.11508770906050804,
        "_20_abs_rel_diff": 0.33667773647465316,
        "_20_mean_depth_error": 3.0072926917241434,
        "_20_mean_prediction_depth": 5.96383258090857,
        "_20_mean_target_depth": 7.565395972586625,
        "_20_median_diff": 1.721036487625042,
        "_20_median_prediction_depth": 4.6718131786754356,
        "_20_median_target_depth": 6.383066712579329,
        "_20_squ_rel_diff": 4.218082001266612,
        "_20_threshold_delta_1.25": 0.37295995821827277,
        "_20_threshold_delta_1.25^2": 0.7096606002706369,
        "_20_threshold_delta_1.25^3": 0.9038692720088576,
        "_30_RMS_linear": 7.3678966717911365,
        "_30_RMS_log": 0.4860065620164719,
        "_30_SILog": 0.13804313709617233,
        "_30_abs_rel_diff": 0.35860673555568073,
        "_30_mean_depth_error": 4.0102138858989465,
        "_30_mean_prediction_depth": 6.6065503167976045,
        "_30_mean_target_depth": 9.088021607727775,
        "_30_median_diff": 2.050427872706444,
        "_30_median_prediction_depth": 5.005290298040246,
        "_30_median_target_depth": 7.046402548090419,
        "_30_squ_rel_diff": 4.759093546407623,
        "_30_threshold_delta_1.25": 0.34393939484004105,
        "_30_threshold_delta_1.25^2": 0.6554579271904324,
        "_30_threshold_delta_1.25^3": 0.8468769097841039,
        "_RMS_linear": 11.67850682286841,
        "_RMS_log": 0.5857548698591359,
        "_SILog": 0.19507106602884225,
        "_abs_rel_diff": 0.3862594349994054,
        "_mean_depth_error": 6.306520157720405,
        "_mean_prediction_depth": 7.260321475022676,
        "_mean_target_depth": 12.066333783011888,
        "_median_diff": 2.50829590774019,
        "_median_prediction_depth": 5.410206187036096,
        "_median_target_depth": 7.909983488851175,
        "_squ_rel_diff": 6.305460548396235,
        "_threshold_delta_1.25": 0.3180307551151403,
        "_threshold_delta_1.25^2": 0.6055043399502004,
        "_threshold_delta_1.25^3": 0.7827990919736583
    },
    "dav2 nl 35 night1": {
        "_10_RMS_linear": 2.3514394048313263,
        "_10_RMS_log": 0.35868810791614436,
        "_10_SILog": 0.08792684621867869,
        "_10_abs_rel_diff": 0.30040778156414194,
        "_10_mean_depth_error": 1.5882664103269253,
        "_10_mean_prediction_depth": 4.403427681030179,
        "_10_mean_target_depth": 5.290177455265202,
        "_10_median_diff": 1.0443162990550003,
        "_10_median_prediction_depth": 3.956381685618139,
        "_10_median_target_depth": 4.996281118716224,
        "_10_squ_rel_diff": 1.2244186165816784,
        "_10_threshold_delta_1.25": 0.37466443917919,
        "_10_threshold_delta_1.25^2": 0.8200624449656653,
        "_10_threshold_delta_1.25^3": 0.9715224250848954,
        "_20_RMS_linear": 4.759908248963422,
        "_20_RMS_log": 0.4957565361183567,
        "_20_SILog": 0.13556541712304263,
        "_20_abs_rel_diff": 0.3575005551080548,
        "_20_mean_depth_error": 3.2298503669177303,
        "_20_mean_prediction_depth": 5.398547603864315,
        "_20_mean_target_depth": 7.927484783400761,
        "_20_median_diff": 1.89675981023496,
        "_20_median_prediction_depth": 4.800403695066561,
        "_20_median_target_depth": 6.695850711757854,
        "_20_squ_rel_diff": 2.1589723596000634,
        "_20_threshold_delta_1.25": 0.2842863247648296,
        "_20_threshold_delta_1.25^2": 0.6389161463328024,
        "_20_threshold_delta_1.25^3": 0.8364536735368628,
        "_30_RMS_linear": 7.135698152104015,
        "_30_RMS_log": 0.5922423837049278,
        "_30_SILog": 0.18298540174705186,
        "_30_abs_rel_diff": 0.39055519580504316,
        "_30_mean_depth_error": 4.714585709195608,
        "_30_mean_prediction_depth": 5.880102460713687,
        "_30_mean_target_depth": 9.912715012070823,
        "_30_median_diff": 2.504552826462446,
        "_30_median_prediction_depth": 5.219714486712767,
        "_30_median_target_depth": 7.723280323613069,
        "_30_squ_rel_diff": 3.1612958989365394,
        "_30_threshold_delta_1.25": 0.2539205027711673,
        "_30_threshold_delta_1.25^2": 0.5682375685695792,
        "_30_threshold_delta_1.25^3": 0.7480205004082107,
        "_RMS_linear": 12.157728349305536,
        "_RMS_log": 0.7073380380328952,
        "_SILog": 0.2540106341097014,
        "_abs_rel_diff": 0.42411316413060046,
        "_mean_depth_error": 7.347936819943447,
        "_mean_prediction_depth": 6.536981397220412,
        "_mean_target_depth": 13.230262053307793,
        "_median_diff": 3.151976910897126,
        "_median_prediction_depth": 5.657107348101148,
        "_median_target_depth": 8.808987573831374,
        "_squ_rel_diff": 5.14579839086802,
        "_threshold_delta_1.25": 0.22836360781429887,
        "_threshold_delta_1.25^2": 0.5115571520922022,
        "_threshold_delta_1.25^3": 0.6755271803018401
    }
}